-- MySQL dump 10.13  Distrib 8.0.11, for Win64 (x86_64)
--
-- Host: localhost    Database: fauxcoin
-- ------------------------------------------------------
-- Server version	8.0.11

/*!40101 SET @OLD_CHARACTER_SET_CLIENT=@@CHARACTER_SET_CLIENT */;
/*!40101 SET @OLD_CHARACTER_SET_RESULTS=@@CHARACTER_SET_RESULTS */;
/*!40101 SET @OLD_COLLATION_CONNECTION=@@COLLATION_CONNECTION */;
 SET NAMES utf8 ;
/*!40103 SET @OLD_TIME_ZONE=@@TIME_ZONE */;
/*!40103 SET TIME_ZONE='+00:00' */;
/*!40014 SET @OLD_UNIQUE_CHECKS=@@UNIQUE_CHECKS, UNIQUE_CHECKS=0 */;
/*!40014 SET @OLD_FOREIGN_KEY_CHECKS=@@FOREIGN_KEY_CHECKS, FOREIGN_KEY_CHECKS=0 */;
/*!40101 SET @OLD_SQL_MODE=@@SQL_MODE, SQL_MODE='NO_AUTO_VALUE_ON_ZERO' */;
/*!40111 SET @OLD_SQL_NOTES=@@SQL_NOTES, SQL_NOTES=0 */;

--
-- Table structure for table `coin`
--

DROP TABLE IF EXISTS `coin`;
/*!40101 SET @saved_cs_client     = @@character_set_client */;
 SET character_set_client = utf8mb4 ;
CREATE TABLE `coin` (
  `id` int(11) NOT NULL AUTO_INCREMENT,
  `name` varchar(45) NOT NULL,
  `value` float NOT NULL DEFAULT '0',
  `value24h` float NOT NULL DEFAULT '0',
  PRIMARY KEY (`id`)
) ENGINE=InnoDB AUTO_INCREMENT=6 DEFAULT CHARSET=utf8mb4 COLLATE=utf8mb4_0900_ai_ci;
/*!40101 SET character_set_client = @saved_cs_client */;

--
-- Dumping data for table `coin`
--

LOCK TABLES `coin` WRITE;
/*!40000 ALTER TABLE `coin` DISABLE KEYS */;
INSERT INTO `coin` VALUES (1,'Coin A',1.0412,1.0092),(2,'Coin B',1.0305,1.031),(3,'Coin C',1.014,1.002),(4,'Coin D',4.0555,4.0055),(5,'Coin E',2.233,2.01);
/*!40000 ALTER TABLE `coin` ENABLE KEYS */;
UNLOCK TABLES;

--
-- Table structure for table `coin_value`
--

DROP TABLE IF EXISTS `coin_value`;
/*!40101 SET @saved_cs_client     = @@character_set_client */;
 SET character_set_client = utf8mb4 ;
CREATE TABLE `coin_value` (
  `coin_id` int(11) NOT NULL,
  `value` float NOT NULL,
  `date` timestamp NOT NULL DEFAULT CURRENT_TIMESTAMP
) ENGINE=InnoDB DEFAULT CHARSET=utf8mb4 COLLATE=utf8mb4_0900_ai_ci;
/*!40101 SET character_set_client = @saved_cs_client */;

--
-- Dumping data for table `coin_value`
--

LOCK TABLES `coin_value` WRITE;
/*!40000 ALTER TABLE `coin_value` DISABLE KEYS */;
INSERT INTO `coin_value` VALUES (1,1,'2018-08-17 16:06:00'),(2,1,'2018-08-17 16:06:00'),(3,1,'2018-08-17 16:06:00'),(1,1,'2018-08-17 16:07:00'),(2,1,'2018-08-17 16:07:00'),(3,1,'2018-08-17 16:07:00'),(1,1,'2018-08-17 16:16:00'),(2,1,'2018-08-17 16:16:00'),(3,1,'2018-08-17 16:16:00'),(1,1,'2018-08-17 16:17:00'),(2,1,'2018-08-17 16:17:00'),(3,1,'2018-08-17 16:17:00'),(1,1,'2018-08-17 16:18:00'),(2,1,'2018-08-17 16:18:00'),(3,1,'2018-08-17 16:18:00'),(1,1,'2018-08-17 16:19:00'),(2,1,'2018-08-17 16:19:00'),(3,1,'2018-08-17 16:19:00'),(1,1,'2018-08-17 16:20:00'),(2,1,'2018-08-17 16:20:00'),(3,1,'2018-08-17 16:20:00'),(1,1,'2018-08-17 16:21:00'),(2,1,'2018-08-17 16:21:00'),(3,1,'2018-08-17 16:21:00'),(1,1,'2018-08-17 16:22:00'),(2,1,'2018-08-17 16:22:00'),(3,1,'2018-08-17 16:22:00'),(1,1,'2018-08-17 16:23:00'),(2,1,'2018-08-17 16:23:00'),(3,1,'2018-08-17 16:23:00'),(1,1,'2018-08-17 16:24:00'),(2,1,'2018-08-17 16:24:00'),(3,1,'2018-08-17 16:24:00'),(1,1,'2018-08-17 16:25:00'),(2,1,'2018-08-17 16:25:00'),(3,1,'2018-08-17 16:25:00'),(1,1,'2018-08-17 16:26:00'),(2,1,'2018-08-17 16:26:00'),(3,1,'2018-08-17 16:26:00'),(1,1,'2018-08-17 16:27:00'),(2,1,'2018-08-17 16:27:00'),(3,1,'2018-08-17 16:27:00'),(1,1,'2018-08-17 16:28:00'),(2,1,'2018-08-17 16:28:00'),(3,1,'2018-08-17 16:28:00'),(1,1,'2018-08-17 16:29:00'),(2,1,'2018-08-17 16:29:00'),(3,1,'2018-08-17 16:29:00'),(1,1,'2018-08-17 16:30:00'),(2,1,'2018-08-17 16:30:00'),(3,1,'2018-08-17 16:30:00'),(1,1,'2018-08-17 16:31:00'),(2,1,'2018-08-17 16:31:00'),(3,1,'2018-08-17 16:31:00'),(1,1,'2018-08-17 16:32:00'),(2,1,'2018-08-17 16:32:00'),(3,1,'2018-08-17 16:32:00'),(1,1,'2018-08-17 16:35:00'),(2,1,'2018-08-17 16:35:00'),(3,1,'2018-08-17 16:35:00'),(1,1,'2018-08-17 21:43:28'),(2,1,'2018-08-17 21:43:32'),(3,1,'2018-08-17 21:43:38'),(1,1,'2018-08-17 21:43:44'),(2,1,'2018-08-17 21:43:49'),(3,1,'2018-08-17 21:43:51'),(1,1,'2018-08-17 21:43:54'),(2,1,'2018-08-17 21:43:57'),(3,1,'2018-08-17 21:43:59'),(1,1,'2018-08-17 21:44:02'),(2,1,'2018-08-17 21:44:03'),(3,1,'2018-08-17 21:44:05'),(1,1,'2018-08-17 21:44:07'),(2,1,'2018-08-17 21:44:08'),(3,1,'2018-08-17 21:44:10'),(1,1,'2018-08-17 21:44:12'),(2,1,'2018-08-17 21:44:12'),(3,1,'2018-08-17 21:44:13'),(1,1,'2018-08-17 21:44:18'),(2,1,'2018-08-17 21:44:19'),(3,1,'2018-08-17 21:44:20'),(1,1,'2018-08-17 21:44:22'),(2,1,'2018-08-17 21:44:22'),(3,1,'2018-08-17 21:44:23'),(1,1,'2018-08-17 21:44:24'),(2,1,'2018-08-17 21:44:24'),(3,1,'2018-08-17 21:44:25'),(1,1,'2018-08-17 21:44:26'),(2,1,'2018-08-17 21:44:26'),(3,1,'2018-08-17 21:44:27'),(1,1,'2018-08-17 21:44:27'),(2,1,'2018-08-17 21:44:28'),(3,1,'2018-08-17 21:44:28'),(1,1,'2018-08-17 21:44:28'),(2,1,'2018-08-17 21:44:29'),(3,1,'2018-08-17 21:44:29'),(1,1,'2018-08-17 21:44:33'),(2,1,'2018-08-17 21:44:34'),(3,1,'2018-08-17 21:44:35'),(1,1,'2018-08-17 21:44:37'),(2,1,'2018-08-17 21:44:37'),(3,1,'2018-08-17 21:44:38'),(1,1,'2018-08-17 21:44:41'),(2,1,'2018-08-17 21:44:41'),(3,1,'2018-08-17 21:44:42'),(1,1,'2018-08-17 21:44:42'),(2,1,'2018-08-17 21:44:43'),(3,1,'2018-08-17 21:44:43'),(1,1,'2018-08-17 21:44:44'),(2,1,'2018-08-17 21:44:44'),(3,1,'2018-08-17 21:44:45'),(1,1,'2018-08-17 21:44:46'),(2,1,'2018-08-17 21:44:46'),(3,1,'2018-08-17 21:44:46'),(1,1,'2018-08-17 21:44:48'),(2,1,'2018-08-17 21:44:48'),(3,1,'2018-08-17 21:44:48'),(1,1,'2018-08-17 21:44:49'),(2,1,'2018-08-17 21:44:49'),(3,1,'2018-08-17 21:44:50'),(1,1,'2018-08-17 21:44:50'),(2,1,'2018-08-17 21:44:50'),(3,1,'2018-08-17 21:44:50'),(1,1,'2018-08-17 21:44:51'),(2,1,'2018-08-17 21:44:51'),(3,1,'2018-08-17 21:44:51'),(1,1,'2018-08-17 21:44:52'),(2,1,'2018-08-17 21:44:52'),(3,1,'2018-08-17 21:44:53'),(1,1,'2018-08-17 21:44:53'),(2,1,'2018-08-17 21:44:53'),(3,1,'2018-08-17 21:44:54'),(1,1,'2018-08-17 21:44:54'),(2,1,'2018-08-17 21:44:54'),(3,1,'2018-08-17 21:44:55'),(1,1,'2018-08-17 21:44:55'),(2,1,'2018-08-17 21:44:56'),(3,1,'2018-08-17 21:44:56'),(1,1,'2018-08-17 21:44:56'),(2,1,'2018-08-17 21:44:57'),(3,1,'2018-08-17 21:44:57'),(1,1,'2018-08-17 21:44:57'),(2,1,'2018-08-17 21:44:58'),(3,1,'2018-08-17 21:44:58'),(1,1,'2018-08-17 21:44:59'),(2,1,'2018-08-17 21:44:59'),(3,1,'2018-08-17 21:44:59'),(1,1,'2018-08-17 21:45:00'),(2,1,'2018-08-17 21:45:00'),(1,1,'2018-08-17 21:50:00'),(2,1,'2018-08-17 21:50:00'),(3,1,'2018-08-17 21:50:00'),(1,1,'2018-08-20 01:59:09'),(2,1,'2018-08-20 01:59:14'),(3,1,'2018-08-20 01:59:19'),(1,1,'2018-08-20 01:59:24'),(2,1,'2018-08-20 01:59:25'),(3,1,'2018-08-20 01:59:26'),(1,1,'2018-08-20 01:59:27'),(2,1,'2018-08-20 01:59:27'),(3,1,'2018-08-20 01:59:27'),(1,1,'2018-08-20 01:59:29'),(2,1,'2018-08-20 01:59:30'),(3,1,'2018-08-20 01:59:31'),(1,1,'2018-08-20 01:59:34'),(2,1,'2018-08-20 01:59:35'),(3,1,'2018-08-20 01:59:36'),(1,1,'2018-08-20 01:59:37'),(2,1,'2018-08-20 01:59:38'),(3,1,'2018-08-20 01:59:39'),(1,1,'2018-08-20 01:59:40'),(2,1,'2018-08-20 01:59:41'),(3,1,'2018-08-20 01:59:42'),(1,1,'2018-08-20 01:59:45'),(2,1,'2018-08-20 01:59:46'),(3,1,'2018-08-20 01:59:47'),(1,1,'2018-08-20 01:59:48'),(2,1,'2018-08-20 01:59:49'),(3,1,'2018-08-20 01:59:50'),(1,1,'2018-08-20 01:59:51'),(2,1,'2018-08-20 01:59:52'),(3,1,'2018-08-20 01:59:52'),(1,1,'2018-08-20 01:59:54'),(2,1,'2018-08-20 01:59:54'),(3,1,'2018-08-20 01:59:55'),(1,1,'2018-08-20 01:59:56'),(2,1,'2018-08-20 01:59:57'),(3,1,'2018-08-20 01:59:58'),(1,1,'2018-08-20 01:59:59'),(2,1,'2018-08-20 01:59:59'),(3,1,'2018-08-20 02:00:01'),(1,1,'2018-08-20 02:00:02'),(2,1,'2018-08-20 02:00:03'),(3,1,'2018-08-20 02:00:03'),(1,1,'2018-08-20 02:00:05'),(2,1,'2018-08-20 02:00:05'),(3,1,'2018-08-20 02:00:06'),(1,1,'2018-08-20 02:00:08'),(2,1,'2018-08-20 02:00:09'),(3,1,'2018-08-20 02:00:10'),(1,1,'2018-08-20 02:00:13'),(2,1,'2018-08-20 02:00:14'),(3,1,'2018-08-20 02:00:15'),(1,1,'2018-08-20 02:00:17'),(2,1,'2018-08-20 02:00:17'),(3,1,'2018-08-20 02:00:18'),(1,1,'2018-08-20 02:00:21'),(2,1,'2018-08-20 02:00:22'),(3,1,'2018-08-20 02:00:23'),(1,1,'2018-08-20 02:00:26'),(2,1,'2018-08-20 02:00:28'),(3,1,'2018-08-20 02:00:29'),(1,1,'2018-08-20 02:00:33'),(2,1,'2018-08-20 02:00:33'),(3,1,'2018-08-20 02:00:35'),(1,1,'2018-08-20 02:00:38'),(2,1,'2018-08-20 02:00:39'),(3,1,'2018-08-20 02:00:40'),(1,1,'2018-08-20 02:00:43'),(2,1,'2018-08-20 02:00:44'),(3,1,'2018-08-20 02:00:44'),(1,1,'2018-08-20 02:00:45'),(2,1,'2018-08-20 02:00:45'),(3,1,'2018-08-20 02:00:45'),(1,1,'2018-08-20 02:00:46'),(2,1,'2018-08-20 02:00:46'),(3,1,'2018-08-20 02:00:47'),(1,1,'2018-08-20 02:00:47'),(2,1,'2018-08-20 02:00:47'),(3,1,'2018-08-20 02:00:47'),(1,1,'2018-08-20 02:00:48'),(2,1,'2018-08-20 02:00:48'),(3,1,'2018-08-20 02:00:48'),(1,1,'2018-08-20 02:00:48'),(2,1,'2018-08-20 02:00:48'),(3,1,'2018-08-20 02:00:48'),(1,1,'2018-08-20 02:00:49'),(2,1,'2018-08-20 02:00:49'),(3,1,'2018-08-20 02:00:49'),(1,1,'2018-08-20 02:00:50'),(2,1,'2018-08-20 02:00:50'),(3,1,'2018-08-20 02:00:50'),(1,1,'2018-08-20 02:00:50'),(2,1,'2018-08-20 02:00:51'),(3,1,'2018-08-20 02:00:51'),(1,1,'2018-08-20 02:00:51'),(2,1,'2018-08-20 02:00:51'),(3,1,'2018-08-20 02:00:51'),(1,1,'2018-08-20 02:00:52'),(2,1,'2018-08-20 02:00:52'),(3,1,'2018-08-20 02:00:52'),(1,1,'2018-08-20 02:00:53'),(2,1,'2018-08-20 02:00:53'),(3,1,'2018-08-20 02:00:54'),(1,1,'2018-08-20 02:00:54'),(2,1,'2018-08-20 02:00:54'),(3,1,'2018-08-20 02:00:55'),(1,1,'2018-08-20 02:00:55'),(2,1,'2018-08-20 02:00:56'),(3,1,'2018-08-20 02:00:56'),(1,1,'2018-08-20 02:00:56'),(2,1,'2018-08-20 02:00:57'),(3,1,'2018-08-20 02:00:57'),(1,1,'2018-08-20 02:00:57'),(2,1,'2018-08-20 02:00:58'),(3,1,'2018-08-20 02:00:58'),(1,1,'2018-08-20 02:00:58'),(2,1,'2018-08-20 02:00:58'),(3,1,'2018-08-20 02:00:58'),(1,1,'2018-08-20 02:00:59'),(2,1,'2018-08-20 02:00:59'),(3,1,'2018-08-20 02:00:59'),(1,1,'2018-08-20 02:00:59'),(2,1,'2018-08-20 02:00:59'),(3,1,'2018-08-20 02:01:00'),(1,1,'2018-08-20 02:01:00'),(2,1,'2018-08-20 02:01:00'),(3,1,'2018-08-20 02:01:00'),(1,1,'2018-08-20 02:01:01'),(2,1,'2018-08-20 02:01:01'),(3,1,'2018-08-20 02:01:01'),(1,1,'2018-08-20 02:01:01'),(2,1,'2018-08-20 02:01:02'),(3,1,'2018-08-20 02:01:02'),(1,1,'2018-08-20 02:01:02'),(2,1,'2018-08-20 02:01:02'),(3,1,'2018-08-20 02:01:02'),(1,1,'2018-08-20 02:01:02'),(2,1,'2018-08-20 02:01:03'),(3,1,'2018-08-20 02:01:03'),(1,1,'2018-08-20 02:01:03'),(2,1,'2018-08-20 02:01:03'),(3,1,'2018-08-20 02:01:03'),(1,1,'2018-08-20 02:01:03'),(2,1,'2018-08-20 02:01:03'),(3,1,'2018-08-20 02:01:03'),(1,1,'2018-08-20 02:01:04'),(2,1,'2018-08-20 02:01:04'),(3,1,'2018-08-20 02:01:04'),(1,1,'2018-08-20 02:01:04'),(2,1,'2018-08-20 02:01:04'),(3,1,'2018-08-20 02:01:04'),(1,1,'2018-08-20 02:01:05'),(2,1,'2018-08-20 02:01:05'),(3,1,'2018-08-20 02:01:05'),(1,1,'2018-08-20 02:01:06'),(2,1,'2018-08-20 02:01:06'),(3,1,'2018-08-20 02:01:06'),(1,1,'2018-08-20 02:01:06'),(2,1,'2018-08-20 02:01:07'),(3,1,'2018-08-20 02:01:07'),(1,1,'2018-08-20 02:01:07'),(2,1,'2018-08-20 02:01:07'),(3,1,'2018-08-20 02:01:07'),(1,1,'2018-08-20 02:01:08'),(2,1,'2018-08-20 02:01:08'),(3,1,'2018-08-20 02:01:08'),(1,1,'2018-08-20 02:01:08'),(2,1,'2018-08-20 02:01:08'),(3,1,'2018-08-20 02:01:08'),(1,1,'2018-08-20 02:01:09'),(2,1,'2018-08-20 02:01:09'),(3,1,'2018-08-20 02:01:09'),(1,1,'2018-08-20 02:01:09'),(2,1,'2018-08-20 02:01:09'),(3,1,'2018-08-20 02:01:10'),(1,1,'2018-08-20 02:01:10'),(2,1,'2018-08-20 02:01:10'),(3,1,'2018-08-20 02:01:10'),(1,1,'2018-08-20 02:01:10'),(2,1,'2018-08-20 02:01:10'),(3,1,'2018-08-20 02:01:10'),(1,1,'2018-08-20 02:01:11'),(2,1,'2018-08-20 02:01:11'),(3,1,'2018-08-20 02:01:11'),(1,1,'2018-08-20 02:01:11'),(2,1,'2018-08-20 02:01:11'),(3,1,'2018-08-20 02:01:12'),(1,1,'2018-08-20 02:01:12'),(2,1,'2018-08-20 02:01:12'),(3,1,'2018-08-20 02:01:12'),(1,1,'2018-08-20 02:01:12'),(2,1,'2018-08-20 02:01:13'),(3,1,'2018-08-20 02:01:13'),(1,1,'2018-08-20 02:01:13'),(2,1,'2018-08-20 02:01:13'),(3,1,'2018-08-20 02:01:13'),(1,1,'2018-08-20 02:01:14'),(2,1,'2018-08-20 02:01:14'),(3,1,'2018-08-20 02:01:14'),(1,1,'2018-08-20 02:01:14'),(2,1,'2018-08-20 02:01:15'),(3,1,'2018-08-20 02:01:15'),(1,1,'2018-08-20 02:01:15'),(2,1,'2018-08-20 02:01:15'),(3,1,'2018-08-20 02:01:15'),(1,1,'2018-08-20 02:01:15'),(2,1,'2018-08-20 02:01:16'),(3,1,'2018-08-20 02:01:16'),(1,1,'2018-08-20 02:01:16'),(2,1,'2018-08-20 02:01:16'),(3,1,'2018-08-20 02:01:17'),(1,1,'2018-08-20 02:01:17'),(2,1,'2018-08-20 02:01:17'),(3,1,'2018-08-20 02:01:17'),(1,1,'2018-08-20 02:01:17'),(2,1,'2018-08-20 02:01:18'),(3,1,'2018-08-20 02:01:18'),(1,1,'2018-08-20 02:01:18'),(2,1,'2018-08-20 02:01:18'),(3,1,'2018-08-20 02:01:18'),(1,1,'2018-08-20 02:01:19'),(2,1,'2018-08-20 02:01:19'),(3,1,'2018-08-20 02:01:19'),(1,1,'2018-08-20 02:01:19'),(2,1,'2018-08-20 02:01:19'),(3,1,'2018-08-20 02:01:20'),(1,1,'2018-08-20 02:01:20'),(2,1,'2018-08-20 02:01:20'),(3,1,'2018-08-20 02:01:20'),(1,1,'2018-08-20 02:01:21'),(2,1,'2018-08-20 02:01:21'),(3,1,'2018-08-20 02:01:21'),(1,1,'2018-08-20 02:01:22'),(2,1,'2018-08-20 02:01:22'),(3,1,'2018-08-20 02:01:22'),(1,1,'2018-08-20 02:01:22'),(2,1,'2018-08-20 02:01:22'),(3,1,'2018-08-20 02:01:23'),(1,1,'2018-08-20 02:01:23'),(2,1,'2018-08-20 02:01:23'),(3,1,'2018-08-20 02:01:23'),(1,1,'2018-08-20 02:01:23'),(2,1,'2018-08-20 02:01:24'),(3,1,'2018-08-20 02:01:24'),(1,1,'2018-08-20 02:01:24'),(2,1,'2018-08-20 02:01:24'),(3,1,'2018-08-20 02:01:24'),(1,1,'2018-08-20 02:01:25'),(2,1,'2018-08-20 02:01:25'),(3,1,'2018-08-20 02:01:25'),(1,1,'2018-08-20 02:01:25'),(2,1,'2018-08-20 02:01:25'),(3,1,'2018-08-20 02:01:25'),(1,1,'2018-08-20 02:01:26'),(2,1,'2018-08-20 02:01:26'),(3,1,'2018-08-20 02:01:26'),(1,1,'2018-08-20 02:01:27'),(2,1,'2018-08-20 02:01:27'),(3,1,'2018-08-20 02:01:27'),(1,1,'2018-08-20 02:01:27'),(2,1,'2018-08-20 02:01:27'),(3,1,'2018-08-20 02:01:27'),(1,1,'2018-08-20 02:01:27'),(2,1,'2018-08-20 02:01:28'),(3,1,'2018-08-20 02:01:28'),(1,1,'2018-08-20 02:01:28'),(2,1,'2018-08-20 02:01:28'),(3,1,'2018-08-20 02:01:28'),(1,1,'2018-08-20 02:01:29'),(2,1,'2018-08-20 02:01:29'),(3,1,'2018-08-20 02:01:29'),(1,1,'2018-08-20 02:01:29'),(2,1,'2018-08-20 02:01:29'),(3,1,'2018-08-20 02:01:29'),(1,1,'2018-08-20 02:01:29'),(2,1,'2018-08-20 02:01:30'),(3,1,'2018-08-20 02:01:30'),(1,1,'2018-08-20 02:01:30'),(2,1,'2018-08-20 02:01:30'),(3,1,'2018-08-20 02:01:30'),(1,1,'2018-08-20 02:01:31'),(2,1,'2018-08-20 02:01:31'),(3,1,'2018-08-20 02:01:31'),(1,1,'2018-08-20 02:01:31'),(2,1,'2018-08-20 02:01:31'),(3,1,'2018-08-20 02:01:32'),(1,1,'2018-08-20 02:01:32'),(2,1,'2018-08-20 02:01:32'),(3,1,'2018-08-20 02:01:32'),(1,1,'2018-08-20 02:01:32'),(2,1,'2018-08-20 02:01:33'),(3,1,'2018-08-20 02:01:33'),(1,1,'2018-08-20 02:01:33'),(2,1,'2018-08-20 02:01:33'),(3,1,'2018-08-20 02:01:33'),(1,1,'2018-08-20 02:01:33'),(2,1,'2018-08-20 02:01:34'),(3,1,'2018-08-20 02:01:34'),(1,1,'2018-08-20 02:01:34'),(2,1,'2018-08-20 02:01:34'),(3,1,'2018-08-20 02:01:34'),(1,1,'2018-08-20 02:01:34'),(2,1,'2018-08-20 02:01:35'),(3,1,'2018-08-20 02:01:35'),(1,1,'2018-08-20 02:01:35'),(2,1,'2018-08-20 02:01:35'),(3,1,'2018-08-20 02:01:35'),(1,1,'2018-08-20 02:01:35'),(2,1,'2018-08-20 02:01:36'),(3,1,'2018-08-20 02:01:36'),(1,1,'2018-08-20 02:01:36'),(2,1,'2018-08-20 02:01:36'),(3,1,'2018-08-20 02:01:36'),(1,1,'2018-08-20 02:01:36'),(2,1,'2018-08-20 02:01:37'),(3,1,'2018-08-20 02:01:37'),(1,1,'2018-08-20 02:01:37'),(2,1,'2018-08-20 02:01:37'),(3,1,'2018-08-20 02:01:37'),(1,1,'2018-08-20 02:01:38'),(2,1,'2018-08-20 02:01:38'),(3,1,'2018-08-20 02:01:38'),(1,1,'2018-08-20 02:01:38'),(2,1,'2018-08-20 02:01:38'),(3,1,'2018-08-20 02:01:39'),(1,1,'2018-08-20 02:01:39'),(2,1,'2018-08-20 02:01:39'),(3,1,'2018-08-20 02:01:39'),(1,1,'2018-08-20 02:01:39'),(2,1,'2018-08-20 02:01:40'),(3,1,'2018-08-20 02:01:40'),(1,1,'2018-08-20 02:01:40'),(2,1,'2018-08-20 02:01:40'),(3,1,'2018-08-20 02:01:40'),(1,1,'2018-08-20 02:01:41'),(2,1,'2018-08-20 02:01:41'),(3,1,'2018-08-20 02:01:41'),(1,1,'2018-08-20 02:01:41'),(2,1,'2018-08-20 02:01:42'),(3,1,'2018-08-20 02:01:42'),(1,1,'2018-08-20 02:01:42'),(2,1,'2018-08-20 02:01:42'),(3,1,'2018-08-20 02:01:42'),(1,1,'2018-08-20 02:01:42'),(2,1,'2018-08-20 02:01:42'),(3,1,'2018-08-20 02:01:42'),(1,1,'2018-08-20 02:01:43'),(2,1,'2018-08-20 02:01:43'),(3,1,'2018-08-20 02:01:43'),(1,1,'2018-08-20 02:01:43'),(2,1,'2018-08-20 02:01:43'),(3,1,'2018-08-20 02:01:44'),(1,1,'2018-08-20 02:01:44'),(2,1,'2018-08-20 02:01:44'),(3,1,'2018-08-20 02:01:45'),(1,1,'2018-08-20 02:01:45'),(2,1,'2018-08-20 02:01:45'),(3,1,'2018-08-20 02:01:45'),(1,1,'2018-08-20 02:01:45'),(2,1,'2018-08-20 02:01:45'),(3,1,'2018-08-20 02:01:45'),(1,1,'2018-08-20 02:01:46'),(2,1,'2018-08-20 02:01:46'),(3,1,'2018-08-20 02:01:46'),(1,1,'2018-08-20 02:01:46'),(2,1,'2018-08-20 02:01:46'),(3,1,'2018-08-20 02:01:46'),(1,1,'2018-08-20 02:01:47'),(2,1,'2018-08-20 02:01:47'),(3,1,'2018-08-20 02:01:47'),(1,1,'2018-08-20 02:01:47'),(2,1,'2018-08-20 02:01:47'),(3,1,'2018-08-20 02:01:47'),(1,1,'2018-08-20 02:01:48'),(2,1,'2018-08-20 02:01:48'),(3,1,'2018-08-20 02:01:48'),(1,1,'2018-08-20 02:01:48'),(2,1,'2018-08-20 02:01:48'),(3,1,'2018-08-20 02:01:48'),(1,1,'2018-08-20 02:01:48'),(2,1,'2018-08-20 02:01:48'),(3,1,'2018-08-20 02:01:49'),(1,1,'2018-08-20 02:01:49'),(2,1,'2018-08-20 02:01:49'),(3,1,'2018-08-20 02:01:49'),(1,1,'2018-08-20 02:01:49'),(2,1,'2018-08-20 02:01:50'),(3,1,'2018-08-20 02:01:50'),(1,1,'2018-08-20 02:01:50'),(2,1,'2018-08-20 02:01:50'),(3,1,'2018-08-20 02:01:50'),(1,1,'2018-08-20 02:01:51'),(2,1,'2018-08-20 02:01:51'),(3,1,'2018-08-20 02:01:51'),(1,1,'2018-08-20 02:01:51'),(2,1,'2018-08-20 02:01:51'),(3,1,'2018-08-20 02:01:52'),(1,1,'2018-08-20 02:01:52'),(2,1,'2018-08-20 02:01:52'),(3,1,'2018-08-20 02:01:52'),(1,1,'2018-08-20 02:01:52'),(2,1,'2018-08-20 02:01:52'),(3,1,'2018-08-20 02:01:53'),(1,1,'2018-08-20 02:01:53'),(2,1,'2018-08-20 02:01:53'),(3,1,'2018-08-20 02:01:53'),(1,1,'2018-08-20 02:01:53'),(2,1,'2018-08-20 02:01:54'),(3,1,'2018-08-20 02:01:54'),(1,1,'2018-08-20 02:01:54'),(2,1,'2018-08-20 02:01:54'),(3,1,'2018-08-20 02:01:54'),(1,1,'2018-08-20 02:01:55'),(2,1,'2018-08-20 02:01:55'),(3,1,'2018-08-20 02:01:55'),(1,1,'2018-08-20 02:01:55'),(2,1,'2018-08-20 02:01:55'),(3,1,'2018-08-20 02:01:56'),(1,1,'2018-08-20 02:01:56'),(2,1,'2018-08-20 02:01:56'),(3,1,'2018-08-20 02:01:56'),(1,1,'2018-08-20 02:01:56'),(2,1,'2018-08-20 02:01:56'),(3,1,'2018-08-20 02:01:57'),(1,1,'2018-08-20 02:01:57'),(2,1,'2018-08-20 02:01:57'),(3,1,'2018-08-20 02:01:57'),(1,1,'2018-08-20 02:01:57'),(2,1,'2018-08-20 02:01:57'),(3,1,'2018-08-20 02:01:58'),(1,1,'2018-08-20 02:01:58'),(1,1,'2018-08-20 02:05:00'),(2,1,'2018-08-20 02:05:00'),(3,1,'2018-08-20 02:05:00'),(1,1,'2018-08-20 02:10:00'),(2,1,'2018-08-20 02:10:00'),(3,1,'2018-08-20 02:10:00'),(1,1,'2018-08-20 02:15:00'),(2,1,'2018-08-20 02:15:00'),(3,1,'2018-08-20 02:15:00'),(1,1,'2018-08-20 02:20:00'),(2,1,'2018-08-20 02:20:00'),(3,1,'2018-08-20 02:20:00'),(1,1,'2018-08-20 02:25:00'),(2,1,'2018-08-20 02:25:00'),(3,1,'2018-08-20 02:25:00'),(1,1,'2018-08-20 02:30:00'),(2,1,'2018-08-20 02:30:00'),(3,1,'2018-08-20 02:30:00'),(1,1,'2018-08-20 02:35:00'),(2,1,'2018-08-20 02:35:00'),(3,1,'2018-08-20 02:35:00'),(1,1,'2018-08-20 02:40:00'),(2,1,'2018-08-20 02:40:00'),(3,1,'2018-08-20 02:40:00'),(1,1,'2018-08-20 02:45:00'),(2,1,'2018-08-20 02:45:00'),(3,1,'2018-08-20 02:45:00'),(1,1,'2018-08-20 02:50:00'),(2,1,'2018-08-20 02:50:00'),(3,1,'2018-08-20 02:50:00'),(1,1,'2018-08-20 02:55:00'),(2,1,'2018-08-20 02:55:00'),(3,1,'2018-08-20 02:55:00'),(1,1,'2018-08-20 03:00:00'),(2,1,'2018-08-20 03:00:00'),(3,1,'2018-08-20 03:00:00'),(1,1,'2018-08-20 03:02:00'),(2,1,'2018-08-20 03:02:00'),(3,1,'2018-08-20 03:02:00'),(1,1,'2018-08-20 03:03:00'),(2,1,'2018-08-20 03:03:00'),(3,1,'2018-08-20 03:03:00'),(1,1,'2018-08-20 03:04:00'),(2,1,'2018-08-20 03:04:00'),(3,1,'2018-08-20 03:04:00'),(1,1,'2018-08-20 03:05:00'),(2,1,'2018-08-20 03:05:00'),(3,1,'2018-08-20 03:05:00'),(1,1,'2018-08-20 03:06:00'),(2,1,'2018-08-20 03:06:00'),(3,1,'2018-08-20 03:06:00'),(1,1,'2018-08-20 03:07:00'),(2,1,'2018-08-20 03:07:00'),(3,1,'2018-08-20 03:07:00'),(1,1,'2018-08-20 03:08:00'),(2,1,'2018-08-20 03:08:00'),(3,1,'2018-08-20 03:08:00'),(1,1,'2018-08-20 03:09:00'),(2,1,'2018-08-20 03:09:00'),(3,1,'2018-08-20 03:09:00'),(1,1,'2018-08-20 03:10:00'),(2,1,'2018-08-20 03:10:00'),(3,1,'2018-08-20 03:10:00'),(1,1,'2018-08-20 03:10:20'),(2,1,'2018-08-20 03:10:20'),(3,1,'2018-08-20 03:10:20'),(1,1,'2018-08-20 03:10:40'),(2,1,'2018-08-20 03:10:40'),(3,1,'2018-08-20 03:10:40'),(1,1,'2018-08-20 03:13:51'),(2,1,'2018-08-20 03:13:55'),(3,1,'2018-08-20 03:14:00'),(1,1,'2018-08-20 03:14:09'),(2,1,'2018-08-20 03:14:12'),(3,1,'2018-08-20 03:14:13'),(1,1,'2018-08-20 03:14:14'),(2,1,'2018-08-20 03:14:15'),(3,1,'2018-08-20 03:14:16'),(1,1,'2018-08-20 03:14:17'),(2,1,'2018-08-20 03:14:18'),(3,1,'2018-08-20 03:14:18'),(1,1,'2018-08-20 03:14:20'),(2,1,'2018-08-20 03:14:20'),(3,1,'2018-08-20 03:14:21'),(1,1,'2018-08-20 03:14:22'),(2,1,'2018-08-20 03:14:22'),(3,1,'2018-08-20 03:14:22'),(1,1,'2018-08-20 03:14:23'),(2,1,'2018-08-20 03:14:24'),(3,1,'2018-08-20 03:14:25'),(1,1,'2018-08-20 03:14:26'),(2,1,'2018-08-20 03:14:27'),(3,1,'2018-08-20 03:14:27'),(1,1,'2018-08-20 03:14:28'),(2,1,'2018-08-20 03:14:28'),(3,1,'2018-08-20 03:14:29'),(1,1,'2018-08-20 03:14:30'),(2,1,'2018-08-20 03:14:31'),(3,1,'2018-08-20 03:14:31'),(1,1,'2018-08-20 03:14:32'),(2,1,'2018-08-20 03:14:33'),(3,1,'2018-08-20 03:14:33'),(1,1,'2018-08-20 03:14:40'),(2,1,'2018-08-20 03:14:40'),(3,1,'2018-08-20 03:14:40'),(1,1,'2018-08-20 03:15:00'),(2,1,'2018-08-20 03:15:00'),(3,1,'2018-08-20 03:15:00'),(1,1,'2018-08-20 03:15:20'),(2,1,'2018-08-20 03:15:20'),(3,1,'2018-08-20 03:15:20'),(1,1,'2018-08-20 03:15:40'),(2,1,'2018-08-20 03:15:40'),(3,1,'2018-08-20 03:15:40'),(1,1,'2018-08-20 03:16:00'),(2,1,'2018-08-20 03:16:00'),(3,1,'2018-08-20 03:16:00'),(1,1,'2018-08-20 03:16:20'),(2,1,'2018-08-20 03:16:20'),(3,1,'2018-08-20 03:16:20'),(1,1,'2018-08-20 03:16:40'),(2,1,'2018-08-20 03:16:40'),(3,1,'2018-08-20 03:16:40'),(1,1,'2018-08-20 03:17:00'),(2,1,'2018-08-20 03:17:00'),(3,1,'2018-08-20 03:17:00'),(1,1,'2018-08-20 03:17:20'),(2,1,'2018-08-20 03:17:20'),(3,1,'2018-08-20 03:17:20'),(1,1,'2018-08-20 03:17:40'),(2,1,'2018-08-20 03:17:40'),(3,1,'2018-08-20 03:17:40'),(1,1,'2018-08-20 03:18:00'),(2,1,'2018-08-20 03:18:00'),(3,1,'2018-08-20 03:18:00'),(1,1,'2018-08-20 03:18:20'),(2,1,'2018-08-20 03:18:20'),(3,1,'2018-08-20 03:18:20'),(1,1,'2018-08-20 03:18:40'),(2,1,'2018-08-20 03:18:40'),(3,1,'2018-08-20 03:18:40'),(1,1,'2018-08-20 03:19:00'),(2,1,'2018-08-20 03:19:00'),(3,1,'2018-08-20 03:19:00'),(1,1,'2018-08-20 03:19:20'),(2,1,'2018-08-20 03:19:20'),(3,1,'2018-08-20 03:19:20'),(1,1,'2018-08-20 03:19:40'),(2,1,'2018-08-20 03:19:40'),(3,1,'2018-08-20 03:19:40'),(1,1,'2018-08-20 03:20:00'),(2,1,'2018-08-20 03:20:00'),(3,1,'2018-08-20 03:20:00'),(1,1,'2018-08-20 03:20:20'),(2,1,'2018-08-20 03:20:20'),(3,1,'2018-08-20 03:20:20'),(1,1,'2018-08-20 03:20:40'),(2,1,'2018-08-20 03:20:40'),(3,1,'2018-08-20 03:20:40'),(1,1,'2018-08-20 03:21:00'),(2,1,'2018-08-20 03:21:00'),(3,1,'2018-08-20 03:21:00'),(1,1,'2018-08-20 03:21:20'),(2,1,'2018-08-20 03:21:20'),(3,1,'2018-08-20 03:21:20'),(1,1,'2018-08-20 03:21:40'),(2,1,'2018-08-20 03:21:40'),(3,1,'2018-08-20 03:21:40'),(1,1,'2018-08-20 03:22:00'),(2,1,'2018-08-20 03:22:00'),(3,1,'2018-08-20 03:22:00'),(1,1,'2018-08-20 03:22:20'),(2,1,'2018-08-20 03:22:20'),(1,1,'2018-08-20 03:22:40'),(2,1,'2018-08-20 03:22:40'),(3,1,'2018-08-20 03:22:40'),(1,1,'2018-08-20 03:23:00'),(2,1,'2018-08-20 03:23:00'),(3,1,'2018-08-20 03:23:00'),(1,1,'2018-08-20 03:23:20'),(2,1,'2018-08-20 03:23:20'),(3,1,'2018-08-20 03:23:20'),(1,1,'2018-08-20 03:23:40'),(2,1,'2018-08-20 03:23:40'),(3,1,'2018-08-20 03:23:40'),(1,1,'2018-08-20 03:24:00'),(2,1,'2018-08-20 03:24:00'),(3,1,'2018-08-20 03:24:00'),(1,1,'2018-08-20 03:24:20'),(2,1,'2018-08-20 03:24:20'),(3,1,'2018-08-20 03:24:20'),(1,1,'2018-08-20 16:55:00'),(2,1,'2018-08-20 16:55:00'),(3,1,'2018-08-20 16:55:00'),(1,1,'2018-08-20 17:00:00'),(2,1,'2018-08-20 17:00:00'),(3,1,'2018-08-20 17:00:00'),(1,1,'2018-08-20 17:05:00'),(2,1,'2018-08-20 17:05:00'),(3,1,'2018-08-20 17:05:00'),(1,1,'2018-08-20 17:10:00'),(2,1,'2018-08-20 17:10:00'),(3,1,'2018-08-20 17:10:00'),(1,1,'2018-08-20 17:15:00'),(2,1,'2018-08-20 17:15:00'),(3,1,'2018-08-20 17:15:00'),(1,1,'2018-08-20 17:20:00'),(2,1,'2018-08-20 17:20:00'),(3,1,'2018-08-20 17:20:00'),(4,4,'2018-08-20 17:20:00'),(5,2,'2018-08-20 17:20:00'),(1,1,'2018-08-20 17:25:00'),(2,1,'2018-08-20 17:25:00'),(3,1,'2018-08-20 17:25:00'),(4,4,'2018-08-20 17:25:00'),(5,2,'2018-08-20 17:25:00'),(1,1,'2018-08-20 17:30:00'),(2,1,'2018-08-20 17:30:00'),(3,1,'2018-08-20 17:30:00'),(4,4,'2018-08-20 17:30:00'),(5,2,'2018-08-20 17:30:00'),(1,1,'2018-08-20 17:35:00'),(2,1,'2018-08-20 17:35:00'),(3,1,'2018-08-20 17:35:00'),(4,4,'2018-08-20 17:35:00'),(5,2,'2018-08-20 17:35:00'),(1,1,'2018-08-20 17:40:00'),(2,1,'2018-08-20 17:40:00'),(3,1,'2018-08-20 17:40:00'),(4,4,'2018-08-20 17:40:00'),(5,2,'2018-08-20 17:40:00'),(1,1,'2018-08-20 17:45:00'),(2,1,'2018-08-20 17:45:00'),(3,1,'2018-08-20 17:45:00'),(4,4,'2018-08-20 17:45:00'),(5,2,'2018-08-20 17:45:00'),(1,1,'2018-08-21 15:09:49'),(2,1,'2018-08-21 15:09:50'),(3,1,'2018-08-21 15:09:54'),(4,4,'2018-08-21 15:09:55'),(5,2,'2018-08-21 15:09:56'),(1,1,'2018-08-21 15:10:00'),(2,1,'2018-08-21 15:10:01'),(3,1,'2018-08-21 15:10:04'),(4,4,'2018-08-21 15:10:07'),(5,2,'2018-08-21 15:10:10'),(1,1,'2018-08-21 15:10:11'),(2,1,'2018-08-21 15:10:12'),(3,1,'2018-08-21 15:10:13'),(4,4,'2018-08-21 15:10:14'),(5,2,'2018-08-21 15:10:15'),(1,1,'2018-08-23 14:25:00'),(2,1,'2018-08-23 14:25:00'),(3,1,'2018-08-23 14:25:00'),(4,4,'2018-08-23 14:25:00'),(5,2,'2018-08-23 14:25:00'),(1,1,'2018-08-23 14:35:00'),(2,1,'2018-08-23 14:35:00'),(3,1,'2018-08-23 14:35:00'),(4,4,'2018-08-23 14:35:00'),(5,2,'2018-08-23 14:35:00'),(1,1,'2018-08-23 14:40:00'),(2,1,'2018-08-23 14:40:00'),(3,1,'2018-08-23 14:40:00'),(4,4,'2018-08-23 14:40:00'),(5,2,'2018-08-23 14:40:00'),(1,1,'2018-08-23 14:45:00'),(2,1,'2018-08-23 14:45:00'),(3,1,'2018-08-23 14:45:00'),(4,4,'2018-08-23 14:45:00'),(5,2,'2018-08-23 14:45:00'),(1,1,'2018-08-24 13:25:00'),(2,1,'2018-08-24 13:25:00'),(3,1,'2018-08-24 13:25:00'),(4,4,'2018-08-24 13:25:00'),(5,2,'2018-08-24 13:25:00'),(1,1,'2018-08-24 13:30:00'),(2,1,'2018-08-24 13:30:00'),(3,1,'2018-08-24 13:30:00'),(4,4,'2018-08-24 13:30:00'),(5,2,'2018-08-24 13:30:00'),(1,1,'2018-08-24 13:35:00'),(2,1,'2018-08-24 13:35:00'),(3,1,'2018-08-24 13:35:00'),(4,4,'2018-08-24 13:35:00'),(5,2,'2018-08-24 13:35:00'),(1,1,'2018-08-24 13:40:00'),(2,1,'2018-08-24 13:40:00'),(3,1,'2018-08-24 13:40:00'),(4,4,'2018-08-24 13:40:00'),(5,2,'2018-08-24 13:40:00'),(1,1,'2018-08-24 13:45:00'),(2,1,'2018-08-24 13:45:00'),(3,1,'2018-08-24 13:45:00'),(4,4,'2018-08-24 13:45:00'),(5,2,'2018-08-24 13:45:00'),(1,1,'2018-08-24 13:50:00'),(2,1,'2018-08-24 13:50:00'),(3,1,'2018-08-24 13:50:00'),(4,4,'2018-08-24 13:50:00'),(5,2,'2018-08-24 13:50:00'),(1,1,'2018-08-24 13:55:00'),(2,1,'2018-08-24 13:55:00'),(3,1,'2018-08-24 13:55:00'),(4,4,'2018-08-24 13:55:00'),(5,2,'2018-08-24 13:55:00'),(1,1,'2018-08-24 14:00:00'),(2,1,'2018-08-24 14:00:00'),(3,1,'2018-08-24 14:00:00'),(4,4,'2018-08-24 14:00:00'),(5,2,'2018-08-24 14:00:00'),(1,1,'2018-08-24 14:05:00'),(2,1,'2018-08-24 14:05:00'),(3,1,'2018-08-24 14:05:00'),(4,4,'2018-08-24 14:05:00'),(5,2,'2018-08-24 14:05:00'),(1,1,'2018-08-24 14:10:00'),(2,1,'2018-08-24 14:10:00'),(3,1,'2018-08-24 14:10:00'),(4,4,'2018-08-24 14:10:00'),(5,2,'2018-08-24 14:10:00'),(1,1,'2018-08-24 14:15:00'),(2,1,'2018-08-24 14:15:00'),(3,1,'2018-08-24 14:15:00'),(4,4,'2018-08-24 14:15:00'),(5,2,'2018-08-24 14:15:00'),(1,1,'2018-08-24 14:20:00'),(2,1,'2018-08-24 14:20:00'),(3,1,'2018-08-24 14:20:00'),(4,4,'2018-08-24 14:20:00'),(5,2,'2018-08-24 14:20:00'),(1,1,'2018-08-24 14:25:00'),(2,1,'2018-08-24 14:25:00'),(3,1,'2018-08-24 14:25:00'),(4,4,'2018-08-24 14:25:00'),(5,2,'2018-08-24 14:25:00'),(1,1,'2018-08-24 14:30:00'),(2,1,'2018-08-24 14:30:00'),(3,1,'2018-08-24 14:30:00'),(4,4,'2018-08-24 14:30:00'),(5,2,'2018-08-24 14:30:00'),(1,1,'2018-08-24 14:35:00'),(2,1,'2018-08-24 14:35:00'),(3,1,'2018-08-24 14:35:00'),(4,4,'2018-08-24 14:35:00'),(5,2,'2018-08-24 14:35:00'),(1,1,'2018-08-24 14:40:00'),(2,1,'2018-08-24 14:40:00'),(3,1,'2018-08-24 14:40:00'),(4,4,'2018-08-24 14:40:00'),(5,2,'2018-08-24 14:40:00'),(1,1,'2018-08-24 14:45:00'),(2,1,'2018-08-24 14:45:00'),(3,1,'2018-08-24 14:45:00'),(4,4,'2018-08-24 14:45:00'),(5,2,'2018-08-24 14:45:00'),(1,1,'2018-08-27 13:40:00'),(2,1,'2018-08-27 13:40:00'),(3,1,'2018-08-27 13:40:00'),(4,4,'2018-08-27 13:40:00'),(5,2,'2018-08-27 13:40:00'),(1,1,'2018-08-27 13:45:00'),(2,1,'2018-08-27 13:45:00'),(3,1,'2018-08-27 13:45:00'),(4,4,'2018-08-27 13:45:00'),(5,2,'2018-08-27 13:45:00'),(1,1,'2018-08-27 13:50:00'),(2,1,'2018-08-27 13:50:00'),(3,1,'2018-08-27 13:50:00'),(4,4,'2018-08-27 13:50:00'),(5,2,'2018-08-27 13:50:00'),(1,1,'2018-08-27 13:55:00'),(2,1,'2018-08-27 13:55:00'),(3,1,'2018-08-27 13:55:00'),(4,4,'2018-08-27 13:55:00'),(5,2,'2018-08-27 13:55:00'),(1,1,'2018-08-27 14:00:00'),(2,1,'2018-08-27 14:00:00'),(3,1,'2018-08-27 14:00:00'),(4,4,'2018-08-27 14:00:00'),(5,2,'2018-08-27 14:00:00'),(1,1,'2018-08-27 14:05:00'),(2,1,'2018-08-27 14:05:00'),(3,1,'2018-08-27 14:05:00'),(4,4,'2018-08-27 14:05:00'),(5,2,'2018-08-27 14:05:00'),(1,1,'2018-08-27 14:10:00'),(2,1,'2018-08-27 14:10:00'),(3,1,'2018-08-27 14:10:00'),(4,4,'2018-08-27 14:10:00'),(5,2,'2018-08-27 14:10:00'),(1,1,'2018-08-27 14:15:00'),(2,1,'2018-08-27 14:15:00'),(3,1,'2018-08-27 14:15:00'),(4,4,'2018-08-27 14:15:00'),(5,2,'2018-08-27 14:15:00'),(1,1,'2018-08-27 14:20:00'),(2,1,'2018-08-27 14:20:00'),(3,1,'2018-08-27 14:20:00'),(4,4,'2018-08-27 14:20:00'),(5,2,'2018-08-27 14:20:00'),(1,1,'2018-08-27 14:25:00'),(2,1,'2018-08-27 14:25:00'),(3,1,'2018-08-27 14:25:00'),(4,4,'2018-08-27 14:25:00'),(5,2,'2018-08-27 14:25:00'),(1,1,'2018-08-27 14:30:00'),(2,1,'2018-08-27 14:30:00'),(3,1,'2018-08-27 14:30:00'),(4,4,'2018-08-27 14:30:00'),(5,2,'2018-08-27 14:30:00'),(1,1,'2018-08-27 14:35:00'),(2,1,'2018-08-27 14:35:00'),(3,1,'2018-08-27 14:35:00'),(4,4,'2018-08-27 14:35:00'),(5,2,'2018-08-27 14:35:00'),(1,1,'2018-08-27 14:40:00'),(2,1,'2018-08-27 14:40:00'),(3,1,'2018-08-27 14:40:00'),(4,4,'2018-08-27 14:40:00'),(5,2,'2018-08-27 14:40:00'),(1,1,'2018-08-28 16:05:00'),(2,1,'2018-08-28 16:05:00'),(3,1,'2018-08-28 16:05:00'),(4,4,'2018-08-28 16:05:00'),(5,2,'2018-08-28 16:05:00'),(1,1,'2018-08-28 16:10:00'),(2,1,'2018-08-28 16:10:00'),(3,1,'2018-08-28 16:10:00'),(4,4,'2018-08-28 16:10:00'),(5,2,'2018-08-28 16:10:00'),(1,1,'2018-08-28 16:15:00'),(2,1,'2018-08-28 16:15:00'),(3,1,'2018-08-28 16:15:00'),(4,4,'2018-08-28 16:15:00'),(5,2,'2018-08-28 16:15:00'),(1,1,'2018-08-28 16:20:00'),(2,1,'2018-08-28 16:20:00'),(3,1,'2018-08-28 16:20:00'),(4,4,'2018-08-28 16:20:00'),(5,2,'2018-08-28 16:20:00'),(1,1,'2018-08-28 16:25:00'),(2,1,'2018-08-28 16:25:00'),(3,1,'2018-08-28 16:25:00'),(4,4,'2018-08-28 16:25:00'),(5,2,'2018-08-28 16:25:00'),(1,1,'2018-08-28 16:30:00'),(2,1,'2018-08-28 16:30:00'),(3,1,'2018-08-28 16:30:00'),(4,4,'2018-08-28 16:30:00'),(5,2,'2018-08-28 16:30:00'),(1,1,'2018-08-28 16:35:00'),(2,1,'2018-08-28 16:35:00'),(3,1,'2018-08-28 16:35:00'),(4,4,'2018-08-28 16:35:00'),(5,2,'2018-08-28 16:35:00'),(1,1,'2018-08-28 16:40:00'),(2,1,'2018-08-28 16:40:00'),(3,1,'2018-08-28 16:40:00'),(4,4,'2018-08-28 16:40:00'),(5,2,'2018-08-28 16:40:00'),(1,1,'2018-08-28 16:45:00'),(2,1,'2018-08-28 16:45:00'),(3,1,'2018-08-28 16:45:00'),(4,4,'2018-08-28 16:45:00'),(5,2,'2018-08-28 16:45:00'),(1,1,'2018-08-28 16:50:00'),(2,1,'2018-08-28 16:50:00'),(3,1,'2018-08-28 16:50:00'),(4,4,'2018-08-28 16:50:00'),(5,2,'2018-08-28 16:50:00'),(1,1,'2018-08-28 16:55:00'),(2,1,'2018-08-28 16:55:00'),(3,1,'2018-08-28 16:55:00'),(4,4,'2018-08-28 16:55:00'),(5,2,'2018-08-28 16:55:00'),(1,1,'2018-08-28 17:00:00'),(2,1,'2018-08-28 17:00:00'),(3,1,'2018-08-28 17:00:00'),(4,4,'2018-08-28 17:00:00'),(5,2,'2018-08-28 17:00:00'),(1,1,'2018-08-28 17:05:00'),(2,1,'2018-08-28 17:05:00'),(3,1,'2018-08-28 17:05:00'),(4,4,'2018-08-28 17:05:00'),(5,2,'2018-08-28 17:05:00'),(1,1,'2018-08-28 17:10:00'),(2,1,'2018-08-28 17:10:00'),(3,1,'2018-08-28 17:10:00'),(4,4,'2018-08-28 17:10:00'),(5,2,'2018-08-28 17:10:00'),(1,1,'2018-08-28 17:15:00'),(2,1,'2018-08-28 17:15:00'),(3,1,'2018-08-28 17:15:00'),(4,4,'2018-08-28 17:15:00'),(5,2,'2018-08-28 17:15:00'),(1,1,'2018-08-28 17:20:00'),(2,1,'2018-08-28 17:20:00'),(3,1,'2018-08-28 17:20:00'),(4,4,'2018-08-28 17:20:00'),(5,2,'2018-08-28 17:20:00'),(1,1,'2018-08-28 17:25:00'),(2,1,'2018-08-28 17:25:00'),(3,1,'2018-08-28 17:25:00'),(4,4,'2018-08-28 17:25:00'),(5,2,'2018-08-28 17:25:00'),(1,1,'2018-08-28 17:30:00'),(2,1,'2018-08-28 17:30:00'),(3,1,'2018-08-28 17:30:00'),(4,4,'2018-08-28 17:30:00'),(5,2,'2018-08-28 17:30:00'),(1,1,'2018-08-28 17:35:00'),(2,1,'2018-08-28 17:35:00'),(3,1,'2018-08-28 17:35:00'),(4,4.02,'2018-08-28 17:35:00'),(5,2,'2018-08-28 17:35:00'),(1,1.019,'2018-08-28 17:40:00'),(2,1,'2018-08-28 17:40:00'),(3,1,'2018-08-28 17:40:00'),(4,4.02,'2018-08-28 17:40:00'),(5,2,'2018-08-28 17:40:00'),(1,1.019,'2018-08-28 17:45:00'),(2,1,'2018-08-28 17:45:00'),(3,1,'2018-08-28 17:45:00'),(4,4.02,'2018-08-28 17:45:00'),(5,2,'2018-08-28 17:45:00'),(1,1.019,'2018-08-30 14:10:00'),(2,1,'2018-08-30 14:10:00'),(3,1,'2018-08-30 14:10:00'),(4,4.02,'2018-08-30 14:10:00'),(5,2,'2018-08-30 14:10:00'),(1,1.019,'2018-08-30 14:15:00'),(2,1,'2018-08-30 14:15:00'),(3,1,'2018-08-30 14:15:00'),(4,4.02,'2018-08-30 14:15:00'),(5,2,'2018-08-30 14:15:00'),(1,1.019,'2018-08-30 14:20:00'),(2,1,'2018-08-30 14:20:00'),(3,1,'2018-08-30 14:20:00'),(4,4.02,'2018-08-30 14:20:00'),(5,2,'2018-08-30 14:20:00'),(1,1.019,'2018-08-30 14:25:00'),(2,1,'2018-08-30 14:25:00'),(3,1,'2018-08-30 14:25:00'),(4,4.02,'2018-08-30 14:25:00'),(5,2,'2018-08-30 14:25:00'),(1,1.019,'2018-08-30 14:30:00'),(2,1,'2018-08-30 14:30:00'),(3,1,'2018-08-30 14:30:00'),(4,4.02,'2018-08-30 14:30:00'),(5,2,'2018-08-30 14:30:00'),(1,1.019,'2018-08-30 14:35:00'),(2,1,'2018-08-30 14:35:00'),(3,1,'2018-08-30 14:35:00'),(4,4.02,'2018-08-30 14:35:00'),(5,2,'2018-08-30 14:35:00'),(1,1.005,'2018-08-30 14:40:00'),(2,1.004,'2018-08-30 14:40:00'),(3,1.002,'2018-08-30 14:40:00'),(4,4.005,'2018-08-30 14:40:00'),(5,2,'2018-08-30 14:40:00'),(1,1.005,'2018-08-30 14:45:00'),(2,1.004,'2018-08-30 14:45:00'),(3,1.002,'2018-08-30 14:45:00'),(4,4.005,'2018-08-30 14:45:00'),(5,2,'2018-08-30 14:45:00'),(1,1.005,'2018-08-30 14:50:00'),(2,1.004,'2018-08-30 14:50:00'),(3,1.002,'2018-08-30 14:50:00'),(4,4.005,'2018-08-30 14:50:00'),(5,2,'2018-08-30 14:50:00'),(1,1.005,'2018-08-31 14:10:00'),(2,1.004,'2018-08-31 14:10:00'),(3,1.002,'2018-08-31 14:10:00'),(4,4.005,'2018-08-31 14:10:00'),(5,2.01,'2018-08-31 14:10:00'),(1,1.005,'2018-08-31 14:15:00'),(2,1.004,'2018-08-31 14:15:00'),(3,1.002,'2018-08-31 14:15:00'),(4,4.005,'2018-08-31 14:15:00'),(5,2.01,'2018-08-31 14:15:00'),(1,1.005,'2018-08-31 14:20:00'),(2,1.031,'2018-08-31 14:20:00'),(3,1.002,'2018-08-31 14:20:00'),(4,4.005,'2018-08-31 14:20:00'),(5,2.01,'2018-08-31 14:20:00'),(1,1.005,'2018-09-01 19:15:00'),(2,1.031,'2018-09-01 19:15:00'),(3,1.002,'2018-09-01 19:15:00'),(4,4.005,'2018-09-01 19:15:00'),(5,2.01,'2018-09-01 19:15:00'),(1,1.005,'2018-09-01 19:20:00'),(2,1.031,'2018-09-01 19:20:00'),(3,1.002,'2018-09-01 19:20:00'),(4,4.005,'2018-09-01 19:20:00'),(5,2.01,'2018-09-01 19:20:00'),(1,1.005,'2018-09-01 19:25:00'),(2,1.031,'2018-09-01 19:25:00'),(3,1.002,'2018-09-01 19:25:00'),(4,4.005,'2018-09-01 19:25:00'),(5,2.01,'2018-09-01 19:25:00'),(1,1.005,'2018-09-01 19:30:00'),(2,1.031,'2018-09-01 19:30:00'),(3,1.002,'2018-09-01 19:30:00'),(4,4.005,'2018-09-01 19:30:00'),(5,2.01,'2018-09-01 19:30:00'),(1,1.005,'2018-09-01 19:35:00'),(2,1.031,'2018-09-01 19:35:00'),(3,1.002,'2018-09-01 19:35:00'),(4,4.005,'2018-09-01 19:35:00'),(5,2.01,'2018-09-01 19:35:00'),(1,1.005,'2018-09-01 19:40:00'),(2,1.031,'2018-09-01 19:40:00'),(3,1.002,'2018-09-01 19:40:00'),(4,4.005,'2018-09-01 19:40:00'),(5,2.01,'2018-09-01 19:40:00'),(1,1.005,'2018-09-01 19:45:00'),(2,1.031,'2018-09-01 19:45:00'),(3,1.002,'2018-09-01 19:45:00'),(4,4.005,'2018-09-01 19:45:00'),(5,2.01,'2018-09-01 19:45:00'),(1,1.005,'2018-09-01 19:50:00'),(2,1.031,'2018-09-01 19:50:00'),(3,1.002,'2018-09-01 19:50:00'),(4,4.0055,'2018-09-01 19:50:00'),(5,2.01,'2018-09-01 19:50:00'),(1,1.005,'2018-09-03 02:15:00'),(2,1.031,'2018-09-03 02:15:00'),(3,1.002,'2018-09-03 02:15:00'),(4,4.0055,'2018-09-03 02:15:00'),(5,2.01,'2018-09-03 02:15:00'),(1,1.005,'2018-09-03 02:20:00'),(2,1.031,'2018-09-03 02:20:00'),(3,1.002,'2018-09-03 02:20:00'),(4,4.0055,'2018-09-03 02:20:00'),(5,2.01,'2018-09-03 02:20:00'),(1,1.005,'2018-09-03 02:25:00'),(2,1.031,'2018-09-03 02:25:00'),(3,1.002,'2018-09-03 02:25:00'),(4,4.0055,'2018-09-03 02:25:00'),(5,2.01,'2018-09-03 02:25:00'),(1,1.005,'2018-09-03 02:30:00'),(2,1.031,'2018-09-03 02:30:00'),(3,1.002,'2018-09-03 02:30:00'),(4,4.0055,'2018-09-03 02:30:00'),(5,2.01,'2018-09-03 02:30:00'),(1,1.005,'2018-09-03 02:35:00'),(2,1.031,'2018-09-03 02:35:00'),(3,1.002,'2018-09-03 02:35:00'),(4,4.0055,'2018-09-03 02:35:00'),(5,2.01,'2018-09-03 02:35:00'),(1,1.005,'2018-09-03 02:40:00'),(2,1.031,'2018-09-03 02:40:00'),(3,1.002,'2018-09-03 02:40:00'),(4,4.0055,'2018-09-03 02:40:00'),(5,2.01,'2018-09-03 02:40:00'),(1,1.005,'2018-09-03 02:45:00'),(2,1.031,'2018-09-03 02:45:00'),(3,1.002,'2018-09-03 02:45:00'),(4,4.0055,'2018-09-03 02:45:00'),(5,2.01,'2018-09-03 02:45:00'),(1,1.005,'2018-09-03 02:50:00'),(2,1.031,'2018-09-03 02:50:00'),(3,1.002,'2018-09-03 02:50:00'),(4,4.0055,'2018-09-03 02:50:00'),(5,2.01,'2018-09-03 02:50:00'),(1,1.005,'2018-09-03 02:55:00'),(2,1.031,'2018-09-03 02:55:00'),(3,1.002,'2018-09-03 02:55:00'),(4,4.0055,'2018-09-03 02:55:00'),(5,2.01,'2018-09-03 02:55:00'),(1,1.005,'2018-09-03 03:00:00'),(2,1.031,'2018-09-03 03:00:00'),(3,1.002,'2018-09-03 03:00:00'),(4,4.0055,'2018-09-03 03:00:00'),(5,2.01,'2018-09-03 03:00:00'),(1,1.005,'2018-09-03 03:05:00'),(2,1.031,'2018-09-03 03:05:00'),(3,1.002,'2018-09-03 03:05:00'),(4,4.0055,'2018-09-03 03:05:00'),(5,2.01,'2018-09-03 03:05:00'),(1,1.005,'2018-09-03 03:10:00'),(2,1.031,'2018-09-03 03:10:00'),(3,1.002,'2018-09-03 03:10:00'),(4,4.0055,'2018-09-03 03:10:00'),(5,2.01,'2018-09-03 03:10:00'),(1,1.005,'2018-09-03 03:15:00'),(2,1.031,'2018-09-03 03:15:00'),(3,1.002,'2018-09-03 03:15:00'),(4,4.0055,'2018-09-03 03:15:00'),(5,2.01,'2018-09-03 03:15:00'),(1,1.005,'2018-09-03 03:20:00'),(2,1.031,'2018-09-03 03:20:00'),(3,1.002,'2018-09-03 03:20:00'),(4,4.0055,'2018-09-03 03:20:00'),(5,2.01,'2018-09-03 03:20:00'),(1,1.005,'2018-09-03 03:25:00'),(2,1.031,'2018-09-03 03:25:00'),(3,1.002,'2018-09-03 03:25:00'),(4,4.0055,'2018-09-03 03:25:00'),(5,2.01,'2018-09-03 03:25:00'),(1,1.01,'2018-09-03 03:30:00'),(2,1.031,'2018-09-03 03:30:00'),(3,1.002,'2018-09-03 03:30:00'),(4,4.0055,'2018-09-03 03:30:00'),(5,2.01,'2018-09-03 03:30:00'),(1,1.0082,'2018-09-03 03:35:00'),(2,1.031,'2018-09-03 03:35:00'),(3,1.002,'2018-09-03 03:35:00'),(4,4.0055,'2018-09-03 03:35:00'),(5,2.01,'2018-09-03 03:35:00'),(1,1.0092,'2018-09-03 17:35:00'),(2,1.031,'2018-09-03 17:35:00'),(3,1.002,'2018-09-03 17:35:00'),(4,4.0055,'2018-09-03 17:35:00'),(5,2.01,'2018-09-03 17:35:00'),(1,1.0092,'2018-09-03 17:40:00'),(2,1.031,'2018-09-03 17:40:00'),(3,1.002,'2018-09-03 17:40:00'),(4,4.0055,'2018-09-03 17:40:00'),(5,2.01,'2018-09-03 17:40:00'),(1,1.0092,'2018-09-03 17:45:00'),(2,1.031,'2018-09-03 17:45:00'),(3,1.002,'2018-09-03 17:45:00'),(4,4.0055,'2018-09-03 17:45:00'),(5,2.01,'2018-09-03 17:45:00'),(1,1.0092,'2018-09-03 17:50:00'),(2,1.031,'2018-09-03 17:50:00'),(3,1.002,'2018-09-03 17:50:00'),(4,4.0055,'2018-09-03 17:50:00'),(5,2.01,'2018-09-03 17:50:00'),(1,1.0092,'2018-09-03 17:55:00'),(2,1.031,'2018-09-03 17:55:00'),(3,1.002,'2018-09-03 17:55:00'),(4,4.0055,'2018-09-03 17:55:00'),(5,2.01,'2018-09-03 17:55:00'),(1,1.0092,'2018-09-03 18:00:00'),(2,1.031,'2018-09-03 18:00:00'),(3,1.002,'2018-09-03 18:00:00'),(4,4.0055,'2018-09-03 18:00:00'),(5,2.01,'2018-09-03 18:00:00'),(1,1.0092,'2018-09-03 18:05:00'),(2,1.031,'2018-09-03 18:05:00'),(3,1.002,'2018-09-03 18:05:00'),(4,4.0055,'2018-09-03 18:05:00'),(5,2.01,'2018-09-03 18:05:00'),(1,1.0092,'2018-09-03 18:10:00'),(2,1.031,'2018-09-03 18:10:00'),(3,1.002,'2018-09-03 18:10:00'),(4,4.0055,'2018-09-03 18:10:00'),(5,2.01,'2018-09-03 18:10:00'),(1,1.0092,'2018-09-03 18:15:00'),(2,1.031,'2018-09-03 18:15:00'),(3,1.002,'2018-09-03 18:15:00'),(4,4.0055,'2018-09-03 18:15:00'),(5,2.01,'2018-09-03 18:15:00'),(1,1.0092,'2018-09-03 18:20:00'),(2,1.031,'2018-09-03 18:20:00'),(3,1.002,'2018-09-03 18:20:00'),(4,4.0055,'2018-09-03 18:20:00'),(5,2.01,'2018-09-03 18:20:00'),(1,1.0092,'2018-09-03 18:25:00'),(2,1.031,'2018-09-03 18:25:00'),(3,1.002,'2018-09-03 18:25:00'),(4,4.0055,'2018-09-03 18:25:00'),(5,2.01,'2018-09-03 18:25:00'),(1,1.0092,'2018-09-03 20:55:00'),(2,1.031,'2018-09-03 20:55:00'),(3,1.002,'2018-09-03 20:55:00'),(4,4.0055,'2018-09-03 20:55:00'),(5,2.01,'2018-09-03 20:55:00'),(1,1.0092,'2018-09-03 21:00:00'),(2,1.031,'2018-09-03 21:00:00'),(3,1.002,'2018-09-03 21:00:00'),(4,4.0055,'2018-09-03 21:00:00'),(5,2.01,'2018-09-03 21:00:00'),(1,1.0092,'2018-09-03 21:05:00'),(2,1.031,'2018-09-03 21:05:00'),(3,1.002,'2018-09-03 21:05:00'),(4,4.0055,'2018-09-03 21:05:00'),(5,2.01,'2018-09-03 21:05:00'),(1,1.0092,'2018-09-10 00:50:00'),(2,1.031,'2018-09-10 00:50:00'),(3,1.002,'2018-09-10 00:50:00'),(4,4.0055,'2018-09-10 00:50:00'),(5,2.01,'2018-09-10 00:50:00'),(1,1.0092,'2018-09-10 00:55:00'),(2,1.031,'2018-09-10 00:55:00'),(3,1.002,'2018-09-10 00:55:00'),(4,4.0055,'2018-09-10 00:55:00'),(5,2.01,'2018-09-10 00:55:00'),(1,1.0082,'2018-09-10 01:00:00'),(2,1.0305,'2018-09-10 01:00:00'),(3,1.002,'2018-09-10 01:00:00'),(4,4.0055,'2018-09-10 01:00:00'),(5,2.01,'2018-09-10 01:00:00'),(1,1.0082,'2018-09-10 01:05:00'),(2,1.0305,'2018-09-10 01:05:00'),(3,1.002,'2018-09-10 01:05:00'),(4,4.0055,'2018-09-10 01:05:00'),(5,2.01,'2018-09-10 01:05:00'),(1,1.0082,'2018-09-10 01:10:00'),(2,1.0305,'2018-09-10 01:10:00'),(3,1.002,'2018-09-10 01:10:00'),(4,4.0055,'2018-09-10 01:10:00'),(5,2.01,'2018-09-10 01:10:00'),(1,1.0082,'2018-09-10 01:15:00'),(2,1.0305,'2018-09-10 01:15:00'),(3,1.014,'2018-09-10 01:15:00'),(4,4.0555,'2018-09-10 01:15:00'),(5,2.233,'2018-09-10 01:15:00'),(1,1.0082,'2018-09-10 01:20:00'),(2,1.0305,'2018-09-10 01:20:00'),(3,1.014,'2018-09-10 01:20:00'),(4,4.0555,'2018-09-10 01:20:00'),(5,2.233,'2018-09-10 01:20:00'),(1,1.0412,'2018-09-10 01:25:00'),(2,1.0305,'2018-09-10 01:25:00'),(3,1.014,'2018-09-10 01:25:00'),(4,4.0555,'2018-09-10 01:25:00'),(5,2.233,'2018-09-10 01:25:00');
/*!40000 ALTER TABLE `coin_value` ENABLE KEYS */;
UNLOCK TABLES;

--
-- Table structure for table `trade`
--

DROP TABLE IF EXISTS `trade`;
/*!40101 SET @saved_cs_client     = @@character_set_client */;
 SET character_set_client = utf8mb4 ;
CREATE TABLE `trade` (
  `coin_id` int(11) NOT NULL,
  `user_id` int(11) NOT NULL,
  `type` int(11) NOT NULL,
  `amount` float NOT NULL,
  `coin_value` float NOT NULL,
  `date` timestamp NOT NULL DEFAULT CURRENT_TIMESTAMP
) ENGINE=InnoDB DEFAULT CHARSET=utf8mb4 COLLATE=utf8mb4_0900_ai_ci;
/*!40101 SET character_set_client = @saved_cs_client */;

--
-- Dumping data for table `trade`
--

LOCK TABLES `trade` WRITE;
/*!40000 ALTER TABLE `trade` DISABLE KEYS */;
INSERT INTO `trade` VALUES (1,1,1,1,1,'2018-08-24 13:25:57'),(1,1,1,1,1,'2018-08-24 13:35:12'),(4,1,1,2,4,'2018-08-28 17:33:33'),(1,1,1,2,1,'2018-08-28 17:38:45'),(1,1,2,1,1.019,'2018-08-30 14:37:20'),(2,1,1,0,1,'2018-08-30 14:37:39'),(3,1,1,0,1,'2018-08-30 14:38:02'),(4,1,2,1,4.02,'2018-08-30 14:39:19'),(4,1,2,1,4.01,'2018-08-30 14:39:34'),(5,1,1,1,2,'2018-08-30 14:50:25'),(5,1,2,0,2.012,'2018-08-30 14:50:35'),(2,1,1,1,1.004,'2018-08-31 14:18:21'),(2,1,1,1,1.014,'2018-08-31 14:18:34'),(2,1,2,0,1.024,'2018-08-31 14:19:01'),(2,1,1,1,1.021,'2018-08-31 14:19:07'),(4,1,1,0,4.005,'2018-09-01 19:45:01'),(4,1,1,0,4.0054,'2018-09-01 19:45:07'),(1,1,1,1,1.005,'2018-09-03 03:29:49'),(1,1,1,0,1.01,'2018-09-03 03:30:07'),(1,1,1,0,1.0105,'2018-09-03 03:30:16'),(1,1,1,0,1.011,'2018-09-03 03:31:12'),(1,1,1,0,1.0111,'2018-09-03 03:32:04'),(1,1,2,0,1.0112,'2018-09-03 03:32:32'),(1,1,2,0,1.0092,'2018-09-03 03:32:45'),(1,1,1,0,1.0082,'2018-09-03 03:35:34'),(1,1,2,0.1,1.0092,'2018-09-10 00:58:44'),(2,1,2,0.05,1.031,'2018-09-10 00:58:54'),(3,1,2,0.1,1.002,'2018-09-10 00:58:59'),(3,1,1,0.1,1.001,'2018-09-10 00:59:05'),(3,1,1,1,1.002,'2018-09-10 01:12:39'),(3,1,1,0.2,1.012,'2018-09-10 01:12:43'),(4,1,1,5,4.0055,'2018-09-10 01:13:03'),(5,1,1,0.3,2.01,'2018-09-10 01:13:10'),(5,1,1,22,2.013,'2018-09-10 01:13:17'),(1,1,1,1.5,1.0082,'2018-09-10 01:21:28'),(1,1,2,0.2,1.0232,'2018-09-10 01:21:47'),(1,1,1,5,1.0212,'2018-09-10 01:24:16'),(1,1,2,3,1.0712,'2018-09-10 01:24:29');
/*!40000 ALTER TABLE `trade` ENABLE KEYS */;
UNLOCK TABLES;

--
-- Table structure for table `trade_type`
--

DROP TABLE IF EXISTS `trade_type`;
/*!40101 SET @saved_cs_client     = @@character_set_client */;
 SET character_set_client = utf8mb4 ;
CREATE TABLE `trade_type` (
  `id` int(11) NOT NULL AUTO_INCREMENT,
  `name` varchar(45) NOT NULL,
  PRIMARY KEY (`id`)
) ENGINE=InnoDB AUTO_INCREMENT=3 DEFAULT CHARSET=utf8mb4 COLLATE=utf8mb4_0900_ai_ci;
/*!40101 SET character_set_client = @saved_cs_client */;

--
-- Dumping data for table `trade_type`
--

LOCK TABLES `trade_type` WRITE;
/*!40000 ALTER TABLE `trade_type` DISABLE KEYS */;
INSERT INTO `trade_type` VALUES (1,'buy'),(2,'sell');
/*!40000 ALTER TABLE `trade_type` ENABLE KEYS */;
UNLOCK TABLES;

--
-- Table structure for table `user`
--

DROP TABLE IF EXISTS `user`;
/*!40101 SET @saved_cs_client     = @@character_set_client */;
 SET character_set_client = utf8mb4 ;
CREATE TABLE `user` (
  `id` int(11) NOT NULL AUTO_INCREMENT,
  `name` varchar(45) NOT NULL,
  `funds` float NOT NULL DEFAULT '0',
  `value` float NOT NULL DEFAULT '0',
  `value24h` float NOT NULL DEFAULT '0',
  PRIMARY KEY (`id`)
) ENGINE=InnoDB AUTO_INCREMENT=2 DEFAULT CHARSET=utf8mb4 COLLATE=utf8mb4_0900_ai_ci;
/*!40101 SET character_set_client = @saved_cs_client */;

--
-- Dumping data for table `user`
--

LOCK TABLES `user` WRITE;
/*!40000 ALTER TABLE `user` DISABLE KEYS */;
INSERT INTO `user` VALUES (1,'skinner452',29.9859,34.8531,1.0092);
/*!40000 ALTER TABLE `user` ENABLE KEYS */;
UNLOCK TABLES;

--
-- Table structure for table `user_coin`
--

DROP TABLE IF EXISTS `user_coin`;
/*!40101 SET @saved_cs_client     = @@character_set_client */;
 SET character_set_client = utf8mb4 ;
CREATE TABLE `user_coin` (
  `user_id` int(11) NOT NULL,
  `coin_id` int(11) NOT NULL,
  `amount` float NOT NULL,
  UNIQUE KEY `user_coin` (`user_id`,`coin_id`)
) ENGINE=InnoDB DEFAULT CHARSET=utf8mb4 COLLATE=utf8mb4_0900_ai_ci;
/*!40101 SET character_set_client = @saved_cs_client */;

--
-- Dumping data for table `user_coin`
--

LOCK TABLES `user_coin` WRITE;
/*!40000 ALTER TABLE `user_coin` DISABLE KEYS */;
INSERT INTO `user_coin` VALUES (1,1,3.3),(1,3,1.2),(1,4,5),(1,5,22.3);
/*!40000 ALTER TABLE `user_coin` ENABLE KEYS */;
UNLOCK TABLES;

--
-- Table structure for table `user_value`
--

DROP TABLE IF EXISTS `user_value`;
/*!40101 SET @saved_cs_client     = @@character_set_client */;
 SET character_set_client = utf8mb4 ;
CREATE TABLE `user_value` (
  `user_id` int(11) NOT NULL,
  `value` float NOT NULL,
  `date` timestamp NOT NULL DEFAULT CURRENT_TIMESTAMP
) ENGINE=InnoDB DEFAULT CHARSET=utf8mb4 COLLATE=utf8mb4_0900_ai_ci;
/*!40101 SET character_set_client = @saved_cs_client */;

--
-- Dumping data for table `user_value`
--

LOCK TABLES `user_value` WRITE;
/*!40000 ALTER TABLE `user_value` DISABLE KEYS */;
INSERT INTO `user_value` VALUES (1,10,'2018-08-17 16:16:00'),(1,10,'2018-08-17 16:17:00'),(1,10,'2018-08-17 16:18:00'),(1,10,'2018-08-17 16:19:00'),(1,10,'2018-08-17 16:20:00'),(1,10,'2018-08-17 16:21:00'),(1,10,'2018-08-17 16:22:00'),(1,10,'2018-08-17 16:23:00'),(1,10,'2018-08-17 16:24:00'),(1,10,'2018-08-17 16:25:00'),(1,10,'2018-08-17 16:26:00'),(1,10,'2018-08-17 16:27:00'),(1,10,'2018-08-17 16:28:00'),(1,10,'2018-08-17 16:29:00'),(1,10,'2018-08-17 16:30:00'),(1,10,'2018-08-17 16:31:00'),(1,10,'2018-08-17 16:32:00'),(1,10,'2018-08-17 16:35:00'),(1,10,'2018-08-17 21:43:42'),(1,10,'2018-08-17 21:43:53'),(1,10,'2018-08-17 21:44:00'),(1,10,'2018-08-17 21:44:05'),(1,10,'2018-08-17 21:44:11'),(1,10,'2018-08-17 21:44:15'),(1,10,'2018-08-17 21:44:20'),(1,10,'2018-08-17 21:44:23'),(1,10,'2018-08-17 21:44:25'),(1,10,'2018-08-17 21:44:27'),(1,10,'2018-08-17 21:44:28'),(1,10,'2018-08-17 21:44:30'),(1,10,'2018-08-17 21:44:36'),(1,10,'2018-08-17 21:44:41'),(1,10,'2018-08-17 21:44:42'),(1,10,'2018-08-17 21:44:44'),(1,10,'2018-08-17 21:44:45'),(1,10,'2018-08-17 21:44:47'),(1,10,'2018-08-17 21:44:49'),(1,10,'2018-08-17 21:44:50'),(1,10,'2018-08-17 21:44:51'),(1,10,'2018-08-17 21:44:52'),(1,10,'2018-08-17 21:44:53'),(1,10,'2018-08-17 21:44:54'),(1,10,'2018-08-17 21:44:55'),(1,10,'2018-08-17 21:44:56'),(1,10,'2018-08-17 21:44:57'),(1,10,'2018-08-17 21:44:58'),(1,10,'2018-08-17 21:44:59'),(1,10,'2018-08-17 21:50:00'),(1,10,'2018-08-20 01:59:22'),(1,10,'2018-08-20 01:59:26'),(1,10,'2018-08-20 01:59:28'),(1,10,'2018-08-20 01:59:32'),(1,10,'2018-08-20 01:59:37'),(1,10,'2018-08-20 01:59:40'),(1,10,'2018-08-20 01:59:43'),(1,10,'2018-08-20 01:59:47'),(1,10,'2018-08-20 01:59:50'),(1,10,'2018-08-20 01:59:53'),(1,10,'2018-08-20 01:59:56'),(1,10,'2018-08-20 01:59:58'),(1,10,'2018-08-20 02:00:01'),(1,10,'2018-08-20 02:00:04'),(1,10,'2018-08-20 02:00:07'),(1,10,'2018-08-20 02:00:11'),(1,10,'2018-08-20 02:00:16'),(1,10,'2018-08-20 02:00:19'),(1,10,'2018-08-20 02:00:26'),(1,10,'2018-08-20 02:00:31'),(1,10,'2018-08-20 02:00:36'),(1,10,'2018-08-20 02:00:43'),(1,10,'2018-08-20 02:00:45'),(1,10,'2018-08-20 02:00:46'),(1,10,'2018-08-20 02:00:47'),(1,10,'2018-08-20 02:00:48'),(1,10,'2018-08-20 02:00:48'),(1,10,'2018-08-20 02:00:49'),(1,10,'2018-08-20 02:00:49'),(1,10,'2018-08-20 02:00:50'),(1,10,'2018-08-20 02:00:51'),(1,10,'2018-08-20 02:00:52'),(1,10,'2018-08-20 02:00:53'),(1,10,'2018-08-20 02:00:54'),(1,10,'2018-08-20 02:00:55'),(1,10,'2018-08-20 02:00:56'),(1,10,'2018-08-20 02:00:57'),(1,10,'2018-08-20 02:00:58'),(1,10,'2018-08-20 02:00:59'),(1,10,'2018-08-20 02:00:59'),(1,10,'2018-08-20 02:01:00'),(1,10,'2018-08-20 02:01:00'),(1,10,'2018-08-20 02:01:01'),(1,10,'2018-08-20 02:01:02'),(1,10,'2018-08-20 02:01:02'),(1,10,'2018-08-20 02:01:03'),(1,10,'2018-08-20 02:01:03'),(1,10,'2018-08-20 02:01:04'),(1,10,'2018-08-20 02:01:04'),(1,10,'2018-08-20 02:01:05'),(1,10,'2018-08-20 02:01:05'),(1,10,'2018-08-20 02:01:06'),(1,10,'2018-08-20 02:01:07'),(1,10,'2018-08-20 02:01:08'),(1,10,'2018-08-20 02:01:08'),(1,10,'2018-08-20 02:01:09'),(1,10,'2018-08-20 02:01:09'),(1,10,'2018-08-20 02:01:10'),(1,10,'2018-08-20 02:01:10'),(1,10,'2018-08-20 02:01:11'),(1,10,'2018-08-20 02:01:11'),(1,10,'2018-08-20 02:01:12'),(1,10,'2018-08-20 02:01:12'),(1,10,'2018-08-20 02:01:13'),(1,10,'2018-08-20 02:01:13'),(1,10,'2018-08-20 02:01:14'),(1,10,'2018-08-20 02:01:15'),(1,10,'2018-08-20 02:01:15'),(1,10,'2018-08-20 02:01:16'),(1,10,'2018-08-20 02:01:17'),(1,10,'2018-08-20 02:01:17'),(1,10,'2018-08-20 02:01:18'),(1,10,'2018-08-20 02:01:18'),(1,10,'2018-08-20 02:01:19'),(1,10,'2018-08-20 02:01:20'),(1,10,'2018-08-20 02:01:21'),(1,10,'2018-08-20 02:01:21'),(1,10,'2018-08-20 02:01:22'),(1,10,'2018-08-20 02:01:23'),(1,10,'2018-08-20 02:01:23'),(1,10,'2018-08-20 02:01:24'),(1,10,'2018-08-20 02:01:25'),(1,10,'2018-08-20 02:01:25'),(1,10,'2018-08-20 02:01:26'),(1,10,'2018-08-20 02:01:26'),(1,10,'2018-08-20 02:01:27'),(1,10,'2018-08-20 02:01:27'),(1,10,'2018-08-20 02:01:28'),(1,10,'2018-08-20 02:01:28'),(1,10,'2018-08-20 02:01:29'),(1,10,'2018-08-20 02:01:29'),(1,10,'2018-08-20 02:01:30'),(1,10,'2018-08-20 02:01:30'),(1,10,'2018-08-20 02:01:31'),(1,10,'2018-08-20 02:01:32'),(1,10,'2018-08-20 02:01:32'),(1,10,'2018-08-20 02:01:33'),(1,10,'2018-08-20 02:01:33'),(1,10,'2018-08-20 02:01:34'),(1,10,'2018-08-20 02:01:34'),(1,10,'2018-08-20 02:01:35'),(1,10,'2018-08-20 02:01:35'),(1,10,'2018-08-20 02:01:36'),(1,10,'2018-08-20 02:01:36'),(1,10,'2018-08-20 02:01:37'),(1,10,'2018-08-20 02:01:38'),(1,10,'2018-08-20 02:01:38'),(1,10,'2018-08-20 02:01:39'),(1,10,'2018-08-20 02:01:39'),(1,10,'2018-08-20 02:01:40'),(1,10,'2018-08-20 02:01:41'),(1,10,'2018-08-20 02:01:41'),(1,10,'2018-08-20 02:01:42'),(1,10,'2018-08-20 02:01:42'),(1,10,'2018-08-20 02:01:42'),(1,10,'2018-08-20 02:01:43'),(1,10,'2018-08-20 02:01:44'),(1,10,'2018-08-20 02:01:45'),(1,10,'2018-08-20 02:01:45'),(1,10,'2018-08-20 02:01:46'),(1,10,'2018-08-20 02:01:46'),(1,10,'2018-08-20 02:01:46'),(1,10,'2018-08-20 02:01:47'),(1,10,'2018-08-20 02:01:47'),(1,10,'2018-08-20 02:01:48'),(1,10,'2018-08-20 02:01:48'),(1,10,'2018-08-20 02:01:49'),(1,10,'2018-08-20 02:01:49'),(1,10,'2018-08-20 02:01:50'),(1,10,'2018-08-20 02:01:51'),(1,10,'2018-08-20 02:01:51'),(1,10,'2018-08-20 02:01:52'),(1,10,'2018-08-20 02:01:52'),(1,10,'2018-08-20 02:01:53'),(1,10,'2018-08-20 02:01:53'),(1,10,'2018-08-20 02:01:54'),(1,10,'2018-08-20 02:01:54'),(1,10,'2018-08-20 02:01:55'),(1,10,'2018-08-20 02:01:56'),(1,10,'2018-08-20 02:01:56'),(1,10,'2018-08-20 02:01:57'),(1,10,'2018-08-20 02:01:57'),(1,10,'2018-08-20 02:01:58'),(1,10,'2018-08-20 02:05:00'),(1,10,'2018-08-20 02:10:00'),(1,10,'2018-08-20 02:15:00'),(1,10,'2018-08-20 02:20:00'),(1,10,'2018-08-20 02:25:00'),(1,10,'2018-08-20 02:30:00'),(1,10,'2018-08-20 02:35:00'),(1,10,'2018-08-20 02:40:00'),(1,10,'2018-08-20 02:45:00'),(1,10,'2018-08-20 02:50:00'),(1,10,'2018-08-20 02:55:00'),(1,10,'2018-08-20 03:00:00'),(1,10,'2018-08-20 03:02:00'),(1,10,'2018-08-20 03:03:00'),(1,10,'2018-08-20 03:04:00'),(1,10,'2018-08-20 03:05:00'),(1,10,'2018-08-20 03:06:00'),(1,10,'2018-08-20 03:07:00'),(1,10,'2018-08-20 03:08:00'),(1,10,'2018-08-20 03:09:00'),(1,10,'2018-08-20 03:10:00'),(1,10,'2018-08-20 03:10:20'),(1,10,'2018-08-20 03:10:41'),(1,10,'2018-08-20 03:14:05'),(1,10,'2018-08-20 03:14:13'),(1,10,'2018-08-20 03:14:17'),(1,10,'2018-08-20 03:14:19'),(1,10,'2018-08-20 03:14:21'),(1,10,'2018-08-20 03:14:23'),(1,10,'2018-08-20 03:14:25'),(1,10,'2018-08-20 03:14:27'),(1,10,'2018-08-20 03:14:29'),(1,10,'2018-08-20 03:14:31'),(1,10,'2018-08-20 03:14:33'),(1,10,'2018-08-20 03:14:40'),(1,10,'2018-08-20 03:15:00'),(1,10,'2018-08-20 03:15:20'),(1,10,'2018-08-20 03:15:40'),(1,10,'2018-08-20 03:16:00'),(1,10,'2018-08-20 03:16:20'),(1,10,'2018-08-20 03:16:40'),(1,10,'2018-08-20 03:17:01'),(1,10,'2018-08-20 03:17:20'),(1,10,'2018-08-20 03:17:40'),(1,10,'2018-08-20 03:18:00'),(1,10,'2018-08-20 03:18:20'),(1,10,'2018-08-20 03:18:40'),(1,10,'2018-08-20 03:19:00'),(1,10,'2018-08-20 03:19:20'),(1,10,'2018-08-20 03:19:40'),(1,10,'2018-08-20 03:20:00'),(1,10,'2018-08-20 03:20:20'),(1,10,'2018-08-20 03:20:40'),(1,10,'2018-08-20 03:21:00'),(1,10,'2018-08-20 03:21:20'),(1,10,'2018-08-20 03:21:40'),(1,10,'2018-08-20 03:22:00'),(1,10,'2018-08-20 03:22:40'),(1,10,'2018-08-20 03:23:00'),(1,10,'2018-08-20 03:23:20'),(1,10,'2018-08-20 03:23:40'),(1,10,'2018-08-20 03:24:00'),(1,10,'2018-08-20 03:24:20'),(1,10,'2018-08-20 16:55:00'),(1,10,'2018-08-20 17:00:00'),(1,10,'2018-08-20 17:05:00'),(1,10,'2018-08-20 17:10:00'),(1,10,'2018-08-20 17:15:00'),(1,10,'2018-08-20 17:20:00'),(1,10,'2018-08-20 17:25:00'),(1,10,'2018-08-20 17:30:00'),(1,10,'2018-08-20 17:35:00'),(1,10,'2018-08-20 17:40:00'),(1,10,'2018-08-20 17:45:00'),(1,10,'2018-08-23 14:25:00'),(1,10,'2018-08-23 14:35:00'),(1,10,'2018-08-23 14:40:00'),(1,10,'2018-08-23 14:45:00'),(1,10,'2018-08-24 13:25:00'),(1,10,'2018-08-24 13:30:00'),(1,10,'2018-08-24 13:35:00'),(1,10,'2018-08-24 13:40:00'),(1,10,'2018-08-24 13:45:00'),(1,10,'2018-08-24 13:50:00'),(1,10,'2018-08-24 13:55:00'),(1,10,'2018-08-24 14:00:00'),(1,10,'2018-08-24 14:05:00'),(1,10,'2018-08-24 14:10:00'),(1,10,'2018-08-24 14:15:00'),(1,10,'2018-08-24 14:20:00'),(1,10,'2018-08-24 14:25:00'),(1,10,'2018-08-24 14:30:00'),(1,10,'2018-08-24 14:35:00'),(1,10,'2018-08-24 14:40:00'),(1,10,'2018-08-24 14:45:00'),(1,10,'2018-08-27 13:40:00'),(1,10,'2018-08-27 13:45:00'),(1,10,'2018-08-27 13:50:00'),(1,10,'2018-08-27 13:55:00'),(1,10,'2018-08-27 14:00:00'),(1,10,'2018-08-27 14:05:00'),(1,10,'2018-08-27 14:10:00'),(1,10,'2018-08-27 14:15:00'),(1,10,'2018-08-27 14:20:00'),(1,10,'2018-08-27 14:25:00'),(1,10,'2018-08-27 14:30:00'),(1,10,'2018-08-27 14:35:00'),(1,10,'2018-08-27 14:40:00'),(1,10,'2018-08-28 16:05:00'),(1,10,'2018-08-28 16:10:00'),(1,10,'2018-08-28 16:15:00'),(1,10,'2018-08-28 16:20:00'),(1,10,'2018-08-28 16:25:00'),(1,10,'2018-08-28 16:30:00'),(1,10,'2018-08-28 16:35:00'),(1,10,'2018-08-28 16:40:00'),(1,10,'2018-08-28 16:45:00'),(1,10,'2018-08-28 16:50:00'),(1,10,'2018-08-28 16:55:00'),(1,10,'2018-08-28 17:00:00'),(1,10,'2018-08-28 17:05:00'),(1,10,'2018-08-28 17:10:00'),(1,10,'2018-08-28 17:15:00'),(1,10,'2018-08-28 17:20:00'),(1,10,'2018-08-28 17:25:00'),(1,10,'2018-08-28 17:30:00'),(1,3.8732,'2018-08-28 17:40:00'),(1,3.8732,'2018-08-28 17:45:00'),(1,3.8732,'2018-08-30 14:10:00'),(1,3.8732,'2018-08-30 14:15:00'),(1,3.8732,'2018-08-30 14:20:00'),(1,3.8732,'2018-08-30 14:25:00'),(1,3.8732,'2018-08-30 14:30:00'),(1,3.8732,'2018-08-30 14:35:00'),(1,8.8566,'2018-08-30 14:40:00'),(1,8.8566,'2018-08-30 14:45:00'),(1,8.8566,'2018-08-30 14:50:00'),(1,7.3375,'2018-08-31 14:10:00'),(1,7.3375,'2018-08-31 14:15:00'),(1,6.08588,'2018-08-31 14:20:00'),(1,6.08588,'2018-09-01 19:15:00'),(1,6.08588,'2018-09-01 19:20:00'),(1,6.08588,'2018-09-01 19:25:00'),(1,6.08588,'2018-09-01 19:30:00'),(1,6.08588,'2018-09-01 19:35:00'),(1,6.08588,'2018-09-01 19:40:00'),(1,6.08588,'2018-09-01 19:45:00'),(1,6.88863,'2018-09-01 19:50:00'),(1,6.88863,'2018-09-03 02:15:00'),(1,6.88863,'2018-09-03 02:20:00'),(1,6.88863,'2018-09-03 02:25:00'),(1,6.88863,'2018-09-03 02:30:00'),(1,6.88863,'2018-09-03 02:35:00'),(1,6.88863,'2018-09-03 02:40:00'),(1,6.88863,'2018-09-03 02:45:00'),(1,6.88863,'2018-09-03 02:50:00'),(1,6.88863,'2018-09-03 02:55:00'),(1,6.88863,'2018-09-03 03:00:00'),(1,6.88863,'2018-09-03 03:05:00'),(1,6.88863,'2018-09-03 03:10:00'),(1,6.88863,'2018-09-03 03:15:00'),(1,6.88863,'2018-09-03 03:20:00'),(1,6.88863,'2018-09-03 03:25:00'),(1,6.9111,'2018-09-03 03:30:00'),(1,4.56443,'2018-09-03 03:35:00'),(1,4.66744,'2018-09-03 17:35:00'),(1,4.66744,'2018-09-03 17:40:00'),(1,4.66744,'2018-09-03 17:45:00'),(1,4.66744,'2018-09-03 17:50:00'),(1,4.66744,'2018-09-03 17:55:00'),(1,4.66744,'2018-09-03 18:00:00'),(1,4.66744,'2018-09-03 18:05:00'),(1,4.66744,'2018-09-03 18:10:00'),(1,4.66744,'2018-09-03 18:15:00'),(1,4.66744,'2018-09-03 18:20:00'),(1,4.66744,'2018-09-03 18:25:00'),(1,4.66744,'2018-09-03 20:55:00'),(1,4.66744,'2018-09-03 21:00:00'),(1,4.66744,'2018-09-03 21:05:00'),(1,4.66744,'2018-09-10 00:50:00'),(1,4.66744,'2018-09-10 00:55:00'),(1,3.30604,'2018-09-10 01:00:00'),(1,3.30604,'2018-09-10 01:05:00'),(1,3.30604,'2018-09-10 01:10:00'),(1,94.0504,'2018-09-10 01:15:00'),(1,94.0504,'2018-09-10 01:20:00'),(1,34.8531,'2018-09-10 01:25:00');
/*!40000 ALTER TABLE `user_value` ENABLE KEYS */;
UNLOCK TABLES;
/*!40103 SET TIME_ZONE=@OLD_TIME_ZONE */;

/*!40101 SET SQL_MODE=@OLD_SQL_MODE */;
/*!40014 SET FOREIGN_KEY_CHECKS=@OLD_FOREIGN_KEY_CHECKS */;
/*!40014 SET UNIQUE_CHECKS=@OLD_UNIQUE_CHECKS */;
/*!40101 SET CHARACTER_SET_CLIENT=@OLD_CHARACTER_SET_CLIENT */;
/*!40101 SET CHARACTER_SET_RESULTS=@OLD_CHARACTER_SET_RESULTS */;
/*!40101 SET COLLATION_CONNECTION=@OLD_COLLATION_CONNECTION */;
/*!40111 SET SQL_NOTES=@OLD_SQL_NOTES */;

-- Dump completed on 2018-09-09 20:26:48
